Date, Open, High, Low, Close, Volume,Company
12/27/2023,208,208,208,208,700,WTK
12/22/2023,208.5,208.5,208.5,208.5,100,WTK
12/21/2023,208,208,200,203,600,WTK
12/19/2023,199.5,199.5,199.5,199.5,10000,WTK
12/14/2023,209,209,208.25,208.5,700,WTK
12/13/2023,209,209,208.25,209,2600,WTK
12/11/2023,209,209,209,209,400,WTK
12/08/2023,230,230,209,219.5,200,WTK
12/07/2023,231,231.5,231,231.5,1500,WTK
12/06/2023,232,232,231,231.25,3900,WTK
12/05/2023,232,232,231.75,232,3400,WTK
12/04/2023,232,232,231.75,232,1800,WTK
12/01/2023,231.75,231.75,231.75,231.75,200,WTK
11/30/2023,231.5,231.5,231,231.25,2600,WTK
11/28/2023,231.25,231.5,231.25,231.5,2900,WTK
11/27/2023,230,233.75,229,231.75,1500,WTK
11/24/2023,233,233,233,233,700,WTK
11/22/2023,229.5,229.5,229.5,229.5,700,WTK
11/21/2023,229,236.75,229,234.5,1500,WTK
11/20/2023,230,230,220,225,200,WTK
11/17/2023,203.5,229,203.5,223,1300,WTK
11/15/2023,226.5,226.5,206,221.5,1200,WTK
11/14/2023,206,206,206,206,1000,WTK
11/09/2023,210,210.5,194,208,2100,WTK
11/08/2023,193.5,193.5,193.5,193.5,100,WTK
11/07/2023,215,215,215,215,600,WTK
11/03/2023,210,210,210,210,100,WTK
11/02/2023,205,205,205,205,3000,WTK
11/01/2023,205.5,205.5,205.5,205.5,100,WTK
10/31/2023,228.25,228.25,228.25,228.25,6300,WTK
10/30/2023,228.25,228.75,228.25,228.5,1500,WTK
10/27/2023,220,228.75,220,228.25,1400,WTK
10/26/2023,229,229,228.75,229,300,WTK
10/25/2023,215,215,215,215,700,WTK
10/24/2023,220,220,201,208.25,2400,WTK
10/23/2023,230,230,220,222.5,800,WTK
10/18/2023,220,220,220,220,200,WTK
10/17/2023,220,220,220,220,700,WTK
10/16/2023,220,220,220,220,12500,WTK
10/13/2023,220,220,220,220,1100,WTK
10/12/2023,225,225,224.5,224.75,900,WTK
10/11/2023,222,225,222,224.75,800,WTK
10/09/2023,220,220,220,220,1100,WTK
10/06/2023,220,228,220,220.75,2500,WTK
10/05/2023,228,228,228,228,300,WTK
10/04/2023,229.5,229.5,229.5,229.5,200,WTK
10/03/2023,205,219,205,212,400,WTK
09/29/2023,205,205,205,205,200,WTK
09/28/2023,200,200,200,200,2200,WTK
09/27/2023,200,205,200,200.25,3700,WTK
09/26/2023,203,203,200,201,2300,WTK
09/25/2023,200,200,200,200,36000,WTK
09/21/2023,205,205,202,204.5,500,WTK
09/20/2023,205,205,200,202,1000,WTK
09/19/2023,202,202,200,202,2200,WTK
09/18/2023,205,205,200,203,500,WTK
09/15/2023,205,205,205,205,500,WTK
09/14/2023,200,200,200,200,100,WTK
09/13/2023,206,206,200,202.5,1300,WTK
09/12/2023,200,205,200,202.5,200,WTK
09/08/2023,198,200,198,199,200,WTK
09/07/2023,198,198,198,198,200,WTK
09/06/2023,196,196,196,196,100,WTK
09/05/2023,200,200,190,196,500,WTK
09/04/2023,205.75,205.75,200,204.75,600,WTK
09/01/2023,205,205,190,192.5,3900,WTK
08/31/2023,190,204.5,190,192.25,1300,WTK
08/30/2023,205.75,205.75,205.75,205.75,200,WTK
08/29/2023,185.25,190,185.25,189,900,WTK
08/28/2023,190,190,185.25,185.5,3500,WTK
08/25/2023,205.75,205.75,205.75,205.75,200,WTK
08/24/2023,230,230,220.75,228.5,2500,WTK
08/23/2023,251.5,251.5,233.5,245.25,3700,WTK
08/22/2023,245,255,245,251.5,1600,WTK
08/21/2023,240,245,230,233.5,6300,WTK
08/18/2023,250,250,240,243.75,3200,WTK
08/17/2023,243,243,242,242.5,800,WTK
08/16/2023,260,260,245,253.25,800,WTK
08/15/2023,272,272,260,265,33300,WTK
08/11/2023,270,275,269,270.75,3300,WTK
08/10/2023,274.75,274.75,270,270.5,1100,WTK
08/09/2023,269,270,269,269.75,1400,WTK
08/08/2023,260,274.75,260,269,5000,WTK
08/07/2023,250,260,250,256,2500,WTK
08/04/2023,250,250,247.75,250,3000,WTK
08/03/2023,245,248,245,247.75,1500,WTK
08/02/2023,245,245,245,245,400,WTK
08/01/2023,242,242,242,242,500,WTK
07/31/2023,238,239.75,238,239.25,2800,WTK
07/28/2023,237.75,237.75,237.75,237.75,400,WTK
07/27/2023,237,239.75,237,238.25,6800,WTK
07/26/2023,235,237.75,235,236,600,WTK
07/25/2023,235,235,231,234.75,2200,WTK
07/24/2023,239.75,239.75,235,238.5,400,WTK
07/21/2023,235,235,235,235,4200,WTK
07/20/2023,235,235,235,235,500,WTK
07/19/2023,235,239.75,235,238.25,300,WTK
07/18/2023,240,240,240,240,200,WTK
07/17/2023,236,245,236,243,30800,WTK
07/14/2023,230,239.75,230,236,4100,WTK
07/13/2023,235,235,230,234.75,3200,WTK
07/12/2023,235,235,230,231.75,300,WTK
07/11/2023,239.75,239.75,230,236.75,3600,WTK
07/10/2023,240,240,240,240,1900,WTK
07/07/2023,245,245,230,240,1800,WTK
07/06/2023,250,250,231.5,236,2600,WTK
07/05/2023,245,250,245,247.75,4500,WTK
07/04/2023,245,249,245,246,4700,WTK
07/03/2023,245,245,245,245,1400,WTK
06/30/2023,235,248,235,244.25,400,WTK
06/29/2023,228.75,240,223,232.75,8100,WTK
06/27/2023,208,208,208,208,1100,WTK
06/26/2023,210,210,210,210,6700,WTK
06/22/2023,206,222,204.25,208,1500,WTK
06/21/2023,204,204,204,204,100,WTK
06/20/2023,203.75,203.75,202,202,1600,WTK
06/19/2023,200,203,200,202.5,2600,WTK
06/16/2023,195,201,195,199.25,3300,WTK
06/15/2023,195,195,195,195,200,WTK
06/14/2023,190,199,190,194.5,200,WTK
06/13/2023,195,195,195,195,200,WTK
06/12/2023,194,199,194,197.5,2200,WTK
06/09/2023,186,186,186,186,400,WTK
06/07/2023,185,185,181,183,200,WTK
06/06/2023,185,185,185,185,200,WTK
06/05/2023,185,185,185,185,400,WTK
06/02/2023,180,185,180,182,1300,WTK
05/31/2023,180,180,180,180,300,WTK
05/30/2023,185,185,185,185,100,WTK
05/29/2023,181,181,181,181,100,WTK
05/26/2023,172,172,172,172,100,WTK
05/24/2023,171,171,171,171,600,WTK
05/23/2023,171,171,170,170.25,1500,WTK
05/22/2023,171,171,170,170.5,4000,WTK
05/16/2023,170,170.25,170,170,1800,WTK
05/15/2023,170,170,170,170,700,WTK
05/12/2023,170.5,170.5,170.5,170.5,1400,WTK
05/11/2023,170.5,170.5,170.5,170.5,100,WTK
05/10/2023,181,181,181,181,200,WTK
05/09/2023,177,177,177,177,100,WTK
05/08/2023,170.5,170.5,170,170,3000,WTK
05/05/2023,170.5,170.5,170.5,170.5,400,WTK
05/04/2023,170,170,170,170,400,WTK
05/03/2023,185,185,185,185,1100,WTK
05/02/2023,185,185,185,185,200,WTK
04/17/2023,170,170,165,169.5,1100,WTK
04/14/2023,170,170,170,170,1500,WTK
04/12/2023,170,170,170,170,200,WTK
04/06/2023,174,174,174,174,300,WTK
04/05/2023,170,174,162,162.75,27300,WTK
04/04/2023,170,170,170,170,2200,WTK
03/31/2023,165,165,165,165,100,WTK
03/24/2023,160,160,160,160,600,WTK
03/22/2023,160,160,160,160,800,WTK
03/21/2023,160,160,160,160,100,WTK
03/20/2023,150,150,150,150,200,WTK
03/17/2023,165,165,160,161,500,WTK
03/16/2023,160,160,160,160,1100,WTK
03/15/2023,160,160,160,160,800,WTK
03/14/2023,160,160,160,160,1300,WTK
03/10/2023,175,175,175,175,200,WTK
03/08/2023,175,177,175,176.25,2300,WTK
03/06/2023,175,175,175,175,100,WTK
03/03/2023,175,175,175,175,200,WTK
03/02/2023,175,175,175,175,600,WTK
03/01/2023,175,175,175,175,200,WTK
02/23/2023,179,179,179,179,300,WTK
02/22/2023,179,179,179,179,100,WTK
02/21/2023,175,175,175,175,100,WTK
02/20/2023,175,175,175,175,1500,WTK
02/16/2023,175,175,175,175,7100,WTK
02/15/2023,174.75,175,174.75,175,1000,WTK
02/14/2023,174,174,174,174,100,WTK
02/13/2023,174.75,174.75,174.5,174.75,300,WTK
02/10/2023,165,175,165,174.25,5600,WTK
02/09/2023,164,164,164,164,1500,WTK
02/08/2023,165,165,160,164.25,700,WTK
02/07/2023,165,165,165,165,1300,WTK
02/06/2023,165,165,165,165,800,WTK
02/03/2023,165,165,165,165,200,WTK
02/01/2023,175,175,175,175,200,WTK
01/31/2023,175,175,175,175,100,WTK
01/30/2023,175,175,175,175,300,WTK
01/27/2023,161,161,160,160.75,300,WTK
01/26/2023,155,155,155,155,300,WTK
01/25/2023,151,155,151,153,2200,WTK
01/24/2023,155,155,155,155,1700,WTK
01/23/2023,155,155,155,155,1300,WTK
01/20/2023,155,155,155,155,1000,WTK
01/19/2023,155,155,155,155,500,WTK
01/18/2023,155,155,154,154.25,600,WTK
01/17/2023,155,155,155,155,500,WTK
01/16/2023,155,155,155,155,200,WTK
01/13/2023,156,156,156,156,100,WTK
01/10/2023,160,160,155,156.25,800,WTK
01/09/2023,160,160,160,160,100,WTK
01/06/2023,160,160,160,160,200,WTK
01/05/2023,160,160,151,154.75,700,WTK
12/30/2022,160,160,160,160,700,WTK
12/29/2022,155,155,152,154.25,1200,WTK
12/28/2022,155,155,155,155,700,WTK
12/23/2022,155,155,150,152.5,200,WTK
12/21/2022,155,160,155,156.75,300,WTK
12/20/2022,155,155,155,155,200,WTK
12/16/2022,160,160,160,160,9600,WTK
12/15/2022,160,160,160,160,500,WTK
12/14/2022,160,160,160,160,1200,WTK
12/09/2022,160,160,160,160,200,WTK
12/08/2022,151,159,151,154.25,500,WTK
12/07/2022,150,150,150,150,200,WTK
12/01/2022,150,150,150,150,100,WTK
11/29/2022,145,145,145,145,600,WTK
11/24/2022,139,139,139,139,100,WTK
11/22/2022,150,150,150,150,200,WTK
11/18/2022,150,150,150,150,1000,WTK
11/17/2022,137,137,137,137,100,WTK
11/16/2022,150.25,151,150.25,151,6100,WTK
11/15/2022,151,151,151,151,100,WTK
11/11/2022,159,159,150.25,151,1100,WTK
11/10/2022,161.5,161.5,161.5,161.5,100,WTK
11/09/2022,161.5,161.5,161.5,161.5,500,WTK
11/08/2022,164,164,164,164,200,WTK
11/07/2022,164,164.5,164,164,800,WTK
11/03/2022,164.75,164.75,164.75,164.75,500,WTK
11/02/2022,165,165,161,161.75,1000,WTK
11/01/2022,165,165,164.5,164.75,400,WTK
10/28/2022,165,165,164,164.25,600,WTK
10/27/2022,164.75,164.75,164.75,164.75,100,WTK
10/26/2022,165,165,165,165,800,WTK
10/24/2022,166,166,164,165,800,WTK
10/19/2022,166,166,166,166,300,WTK
10/18/2022,166,167,166,166.25,2300,WTK
10/17/2022,167,167,167,167,200,WTK
10/14/2022,167,167,167,167,100,WTK
10/12/2022,168,168,168,168,2000,WTK
10/11/2022,168,168,168,168,300,WTK
10/07/2022,168,170,168,168.75,7300,WTK
10/06/2022,168,168,168,168,4200,WTK
10/05/2022,165,168,165,167.75,11000,WTK
10/04/2022,159,168,159,164.5,600,WTK
10/03/2022,159,159,159,159,1600,WTK
09/29/2022,162,162,162,162,100,WTK
09/27/2022,159,163,159,162.5,10700,WTK
09/26/2022,159,159,159,159,200,WTK
09/23/2022,164,164,159,161.5,400,WTK
09/22/2022,157,159,157,158.25,1000,WTK
09/21/2022,159,159,159,159,200,WTK
09/20/2022,159,159,159,159,100,WTK
09/19/2022,159,159,159,159,900,WTK
09/16/2022,159,159,159,159,100,WTK
09/15/2022,157.25,157.25,157.25,157.25,50000,WTK
09/14/2022,160,160,156.75,157,52100,WTK
09/12/2022,158,158,156.75,157,61400,WTK
09/09/2022,156.5,156.5,156.5,156.5,100,WTK
09/08/2022,155,157,155,156.5,2600,WTK
09/07/2022,155,155,155,155,400,WTK
09/06/2022,155,155,155,155,900,WTK
09/05/2022,155,155,155,155,100,WTK
09/02/2022,156.5,156.5,153,154.75,900,WTK
08/31/2022,160,160,153,156.5,200,WTK
08/29/2022,160,160,160,160,100,WTK
08/26/2022,152.25,152.5,152.25,152.5,300,WTK
08/25/2022,152,152,152,152,18000,WTK
08/24/2022,152,152,152,152,700,WTK
08/23/2022,152,152,151,151.75,400,WTK
08/22/2022,150,150.25,150,150.25,27300,WTK
08/19/2022,150,150,150,150,100,WTK
08/18/2022,154,154,150,152.75,1500,WTK
08/17/2022,150,150,150,150,5000,WTK
08/16/2022,154,154,154,154,100,WTK
08/15/2022,151,151,150,150,11200,WTK
08/12/2022,152,155,152,153.25,4500,WTK
08/11/2022,151,151,151,151,100,WTK
08/10/2022,151.25,151.25,151,151,1400,WTK
08/08/2022,151,152,151,151.25,20600,WTK
08/05/2022,151,151.25,151,151,2200,WTK
08/04/2022,152,152,151,151.25,15100,WTK
08/03/2022,151,152,151,151.5,212100,WTK
08/02/2022,151,152,151,151.75,34900,WTK
08/01/2022,152,152,150,151.5,21600,WTK
07/29/2022,150,155,150,152,6200,WTK
07/28/2022,152,152.5,150,151.5,11400,WTK
07/27/2022,151,157,150,152,13800,WTK
07/26/2022,150,150,150,150,1600,WTK
07/25/2022,152,152,150,150.75,2200,WTK
07/22/2022,154,154,148,149.75,2300,WTK
07/21/2022,148.25,153,148,148.25,4700,WTK
07/20/2022,150,150,147.25,148.25,2800,WTK
07/19/2022,145,145,145,145,100,WTK
07/18/2022,150,150,146,147.25,5300,WTK
07/15/2022,149.5,156,149.5,152.25,2600,WTK
07/14/2022,154,154,154,154,600,WTK
07/13/2022,152.75,157,147,149.5,3800,WTK
07/12/2022,151.25,157,145,152.75,2000,WTK
07/08/2022,149,157,149,151,2800,WTK
07/07/2022,144,144,142,142.75,3100,WTK
07/06/2022,140,143,140,142.75,3200,WTK
07/05/2022,140,140,140,140,4500,WTK
07/04/2022,138,138,138,138,800,WTK
07/01/2022,130,137,130,130.75,38600,WTK
06/30/2022,124,124,124,124,100,WTK
06/29/2022,129.5,129.5,129.5,129.5,400,WTK
06/27/2022,130,130,122,124.75,300,WTK
06/22/2022,129.5,129.5,129.5,129.5,2200,WTK
06/20/2022,125,125,125,125,300,WTK
06/16/2022,130,130,130,130,4700,WTK
06/15/2022,123,125,123,124,200,WTK
06/14/2022,122,122,122,122,100,WTK
06/13/2022,129.5,129.5,129.5,129.5,300,WTK
06/09/2022,120,120,120,120,100,WTK
06/08/2022,124,124,119,120,20500,WTK
06/07/2022,129,129,129,129,100,WTK
06/06/2022,127,128,127,127.5,200,WTK
06/02/2022,129.5,129.5,125,127.25,200,WTK
05/31/2022,126.5,129.5,126,126.5,8500,WTK
05/30/2022,126.5,126.5,126.25,126.5,2200,WTK
05/27/2022,129.75,129.75,129.75,129.75,200,WTK
05/26/2022,129.75,130,129.75,129.75,1100,WTK
05/25/2022,126,126,126,126,200,WTK
05/24/2022,130,130,129.75,130,1100,WTK
05/23/2022,130,130,130,130,1600,WTK
05/20/2022,126.5,130,120.25,124.25,500,WTK
05/19/2022,130,130,130,130,700,WTK
05/18/2022,130,130,130,130,600,WTK
05/17/2022,127,127,126.5,126.75,300,WTK
05/13/2022,126.75,126.75,126.5,126.75,300,WTK
05/10/2022,129,129,129,129,300,WTK
05/09/2022,130,130,125,126.25,1200,WTK
05/04/2022,125,125,120,124.5,1100,WTK
04/28/2022,130,130,130,130,100,WTK
04/27/2022,130,130,130,130,500,WTK
04/26/2022,130,130,130,130,1500,WTK
04/25/2022,133,133,133,133,400,WTK
04/22/2022,130,130,130,130,200,WTK
04/21/2022,133,133,133,133,400,WTK
04/20/2022,134,134,133,133.25,68500,WTK
04/14/2022,134,134,133,133.5,200,WTK
04/11/2022,134,134,134,134,100,WTK
04/06/2022,135,135,135,135,100,WTK
04/05/2022,135,135,135,135,300,WTK
04/04/2022,130.5,135,130.5,132.25,2100,WTK
03/31/2022,135,135,135,135,500,WTK
03/29/2022,130.5,130.5,130.5,130.5,100,WTK
03/28/2022,135,135,135,135,100,WTK
03/25/2022,135,135,135,135,200,WTK
03/24/2022,135,135,135,135,400,WTK
03/22/2022,135,135,135,135,200,WTK
03/21/2022,130,130,130,130,300,WTK
03/18/2022,130,130,130,130,100,WTK
03/17/2022,135,135,135,135,200,WTK
03/09/2022,130,130,130,130,100,WTK
03/08/2022,131,131,130,130,127100,WTK
03/04/2022,134.75,134.75,134.75,134.75,400,WTK
03/03/2022,131,131,131,131,1200,WTK
03/01/2022,131,131,131,131,100,WTK
02/25/2022,130.5,130.5,130.5,130.5,100,WTK
02/24/2022,130.5,130.5,130.5,130.5,900,WTK
02/23/2022,136,136,130.5,134.25,300,WTK
02/17/2022,133,137,133,136,1200,WTK
02/15/2022,132,132,125,129,1400,WTK
02/14/2022,131,131,131,131,200,WTK
02/11/2022,133,133,133,133,100,WTK
02/10/2022,134,134,134,134,100,WTK
02/09/2022,135,135,135,135,200,WTK
02/08/2022,131,131,130,130,27100,WTK
02/07/2022,135,135,135,135,2500,WTK
02/03/2022,136,136,129,130.25,6600,WTK
01/28/2022,135,135,135,135,300,WTK
01/27/2022,132,132,130,130.25,1500,WTK
01/26/2022,137,137,137,137,200,WTK
01/24/2022,130,130,130,130,1000,WTK
01/21/2022,135,135,135,135,300,WTK
01/19/2022,130,130,130,130,5800,WTK
01/18/2022,130.25,130.25,130,130,1600,WTK
01/17/2022,130.25,130.25,130.25,130.25,700,WTK
01/13/2022,130,130,130,130,1800,WTK
01/12/2022,130.5,130.5,130,130.25,1300,WTK
01/11/2022,130.5,137,130.5,134.75,300,WTK
01/10/2022,131.25,132,131.25,132,3600,WTK
01/07/2022,132,132,132,132,100,WTK
01/05/2022,135,135,130,130.75,1900,WTK
01/03/2022,132,132,132,132,15000,WTK
12/28/2021,130,130,130,130,100,WTK
12/24/2021,130.25,130.25,130.25,130.25,15000,WTK
12/23/2021,135,135,135,135,100,WTK
12/22/2021,138.5,138.5,138.5,138.5,100,WTK
12/21/2021,129,129,129,129,700,WTK
12/20/2021,138.5,138.5,138.5,138.5,600,WTK
12/07/2021,126,126,126,126,100,WTK
12/06/2021,129.25,129.25,126,127,400,WTK
12/02/2021,130,130,129,129.25,1000,WTK
12/01/2021,128,130,128,129,200,WTK
11/30/2021,131.25,131.25,130,130.25,700,WTK
11/26/2021,131,131,130,131,2400,WTK
11/24/2021,134,134,131,131.75,1300,WTK
11/23/2021,132,132,130,130.5,400,WTK
11/19/2021,134,134,134,134,1000,WTK
11/18/2021,137.5,137.5,137.5,137.5,100,WTK
11/16/2021,132.5,138,131,133.75,1600,WTK
11/15/2021,134,134,131,132,1200,WTK
11/12/2021,134,134,134,134,100,WTK
11/11/2021,134,134,134,134,300,WTK
11/09/2021,134,134,134,134,200,WTK
11/08/2021,138,138,138,138,400,WTK
11/04/2021,138,138,138,138,200,WTK
11/03/2021,138,138,138,138,200,WTK
11/02/2021,138,138,138,138,200,WTK
10/29/2021,138,138,138,138,100,WTK
10/28/2021,140,140,140,140,500,WTK
10/27/2021,132,132,132,132,100,WTK
10/22/2021,131,131,129,130.75,1800,WTK
10/21/2021,131,131,131,131,1800,WTK
10/15/2021,134,134,130,130.75,1500,WTK
10/14/2021,135,135,134,134.5,700,WTK
10/13/2021,135,135,135,135,300,WTK
10/12/2021,135,135,135,135,200,WTK
10/08/2021,137.75,137.75,135,135,7100,WTK
10/07/2021,135,140,135,137.5,200,WTK
10/06/2021,135,135,135,135,500,WTK
10/05/2021,139,140,139,139.5,4700,WTK
10/04/2021,140,140,139,139.25,800,WTK
10/01/2021,140,140,140,140,100,WTK
09/30/2021,139,139,139,139,300,WTK
09/28/2021,140,140,139,139.25,1400,WTK
09/27/2021,140,140,140,140,200,WTK
09/23/2021,138,138,138,138,400,WTK
09/21/2021,134,134,134,134,100,WTK
09/16/2021,140,140,140,140,100,WTK
09/14/2021,140,140,140,140,300,WTK
09/13/2021,139,142,139,141.25,600,WTK
09/09/2021,134,134,134,134,100,WTK
09/07/2021,144.5,144.5,140,142.25,200,WTK
09/06/2021,145,145,135.5,142.25,1400,WTK
09/02/2021,135,135,135,135,200,WTK
09/01/2021,135,135,135,135,300,WTK
08/30/2021,137,137,137,137,1000,WTK
08/25/2021,132.5,136,132.5,133.5,400,WTK
08/24/2021,133,133,132.5,132.75,200,WTK
08/23/2021,131.25,135.75,131.25,132.5,400,WTK
08/18/2021,131,131,131,131,200,WTK
08/17/2021,135,135,135,135,400,WTK
08/16/2021,131,131,131,131,100,WTK
08/13/2021,136,136,130,130.75,4500,WTK
08/12/2021,137,137,137,137,1000,WTK
08/10/2021,134.5,135,134.5,134.75,3500,WTK
08/09/2021,134.5,134.5,134.5,134.5,300,WTK
08/06/2021,134.5,134.5,134.5,134.5,1200,WTK
08/05/2021,134.5,134.5,134.5,134.5,700,WTK
08/04/2021,135,135,135,135,6800,WTK
08/03/2021,135,135,133,134.5,5800,WTK
08/02/2021,130,130,130,130,100,WTK
07/30/2021,135,135,133,133.25,3200,WTK
07/29/2021,135,135,135,135,100,WTK
07/27/2021,134,134,134,134,200,WTK
07/26/2021,137,137,134,135,300,WTK
07/22/2021,139,139,137,138.5,1000,WTK
07/21/2021,148,150,138.5,143.5,1000,WTK
07/16/2021,152.25,152.25,152.25,152.25,4000,WTK
07/15/2021,139,140,139,139.25,6600,WTK
07/12/2021,138.5,138.5,138.5,138.5,100,WTK
07/09/2021,137.5,137.5,136,137.5,1300,WTK
07/08/2021,140,140,137.5,138.25,9000,WTK
07/07/2021,148.75,148.75,140,140.75,4000,WTK
07/06/2021,144.5,149,144.5,147.25,1300,WTK
07/02/2021,145,154.75,143,149,1300,WTK
06/29/2021,147.75,149,138.25,145.75,7100,WTK
06/28/2021,145,148,145,147.5,2700,WTK
06/25/2021,147,149,147,147.75,2800,WTK
06/24/2021,147,147,147,147,200,WTK
06/21/2021,135,135,133,134,200,WTK
06/17/2021,135,145,132.5,135.25,1500,WTK
06/16/2021,146,146,145,145.75,1100,WTK
06/15/2021,146,146,146,146,400,WTK
06/11/2021,144,146,144,145.75,1600,WTK
06/10/2021,147,147,145,146,1400,WTK
06/09/2021,146,149,144,147,800,WTK
06/08/2021,140,140,140,140,1200,WTK
06/04/2021,142.75,142.75,135,135.75,1000,WTK
06/03/2021,145,145,144,144.25,1400,WTK
06/02/2021,150,150,150,150,200,WTK
05/31/2021,140,145,140,142.25,700,WTK
05/28/2021,140,140,140,140,1400,WTK
05/27/2021,140,141,140,140,8100,WTK
05/26/2021,145,145,140,140.75,4200,WTK
05/25/2021,145,145,145,145,200,WTK
05/24/2021,146,146,145,145,1800,WTK
05/19/2021,145,145,145,145,5000,WTK
05/18/2021,149,149,145.25,148.5,1400,WTK
05/17/2021,147,147,147,147,700,WTK
05/13/2021,148,148,145,146.75,1000,WTK
05/12/2021,149,149,148,148.75,300,WTK
05/11/2021,149,149,149,149,100,WTK
05/07/2021,149,149,149,149,1300,WTK
05/06/2021,149.5,149.5,149,149.5,1200,WTK
05/04/2021,149.75,149.75,149.75,149.75,100,WTK
04/30/2021,149.75,149.75,149.75,149.75,400,WTK
04/29/2021,145,150,145,149.25,2700,WTK
04/28/2021,145,148,145,147,300,WTK
04/27/2021,145,145,145,145,4700,WTK
04/26/2021,145,145,145,145,200,WTK
04/23/2021,145,145,144.5,145,4600,WTK
04/22/2021,145,145,140,140.5,5600,WTK
04/21/2021,144,144,143,143.5,500,WTK
04/20/2021,145,145,145,145,2500,WTK
04/19/2021,143,143,143,143,1100,WTK
04/16/2021,142,145,142,144,300,WTK
04/15/2021,145.5,145.5,145.5,145.5,200,WTK
04/14/2021,146,146,143,143,39500,WTK
04/09/2021,145.5,145.5,140,143,2500,WTK
04/08/2021,140,145.25,140,141.25,400,WTK
04/07/2021,146,146,145.5,145.75,200,WTK
04/06/2021,145.75,145.75,145.5,145.5,500,WTK
04/01/2021,146.5,146.5,146.5,146.5,100,WTK
03/31/2021,147,147,147,147,100,WTK
03/30/2021,148,148,135,136.25,1100,WTK
03/29/2021,135.25,135.25,135,135.25,300,WTK
03/26/2021,148,148,146,147.5,900,WTK
03/24/2021,140,148.5,140,146.75,1000,WTK
03/23/2021,135.5,135.5,135.5,135.5,100,WTK
03/19/2021,135,135,135,135,4600,WTK
03/18/2021,135,135,135,135,1100,WTK
03/17/2021,135,135,135,135,100,WTK
03/16/2021,133.5,135,133.5,134.75,6800,WTK
03/15/2021,133,133,133,133,3400,WTK
03/12/2021,133,133,130.5,132.5,600,WTK
03/11/2021,133,133,133,133,600,WTK
03/10/2021,133,133,133,133,3900,WTK
03/09/2021,130,130,130,130,1000,WTK
03/08/2021,135,135,135,135,900,WTK
03/05/2021,133,133,133,133,600,WTK
03/03/2021,130.25,130.25,130,130.25,4000,WTK
03/02/2021,130,130,130,130,3300,WTK
03/01/2021,134,134,133,133.75,1500,WTK
02/26/2021,135,135,134,134.5,1400,WTK
02/25/2021,134,134,134,134,500,WTK
02/24/2021,135,135,135,135,600,WTK
02/22/2021,135,135,135,135,100,WTK
02/19/2021,135,135,135,135,3800,WTK
02/18/2021,135,135,135,135,7600,WTK
02/17/2021,135,135,135,135,1100,WTK
02/12/2021,135,135,135,135,300,WTK
02/11/2021,135,135,133,134.75,800,WTK
02/10/2021,135,135,135,135,500,WTK
02/09/2021,134.5,135,134.5,135,2300,WTK
02/08/2021,135,135,134.5,134.5,500,WTK
02/05/2021,135,135,135,135,100,WTK
02/04/2021,136.25,136.25,132,134.25,800,WTK
02/03/2021,136.75,137,136.25,136.75,5100,WTK
02/02/2021,135.75,136.75,134,136.25,1200,WTK
02/01/2021,135.75,135.75,135.75,135.75,200,WTK
01/29/2021,137,137,137,137,700,WTK
01/26/2021,137,137,137,137,400,WTK
01/25/2021,130.5,130.5,128,130,1700,WTK
01/22/2021,132,139.75,130.5,132,1000,WTK
01/20/2021,130.5,130.5,130.5,130.5,100,WTK
01/18/2021,130,130,130,130,1100,WTK
01/15/2021,133,133,133,133,500,WTK
01/13/2021,130,143,130,130.5,3400,WTK
01/12/2021,130,130,130,130,1500,WTK
01/11/2021,130,130,130,130,2200,WTK
01/07/2021,128,128,128,128,100,WTK
01/06/2021,130,130,127.5,128.25,1000,WTK
01/05/2021,130,130,130,130,100,WTK
01/04/2021,130,130,127.5,129.75,3200,WTK
12/31/2020,135,135,130,130.25,4200,WTK
12/30/2020,131,131,130,130.25,3100,WTK
12/29/2020,130,130,130,130,400,WTK
12/28/2020,130,130,130,130,500,WTK
12/24/2020,130,130,130,130,500,WTK
12/23/2020,131,131,131,131,100,WTK
12/22/2020,135,135,130,131.25,1300,WTK
12/21/2020,135,135,135,135,200,WTK
12/18/2020,130,130,130,130,500,WTK
12/17/2020,130,130,130,130,1300,WTK
12/16/2020,130,130,130,130,1600,WTK
12/15/2020,130,135,130,130.75,800,WTK
12/14/2020,130,135,129,130.75,1400,WTK
12/10/2020,133,135,130,132,2300,WTK
12/09/2020,132,132,132,132,500,WTK
12/08/2020,130,130,130,130,400,WTK
12/07/2020,131,131,130,130.5,600,WTK
12/04/2020,131,131,131,131,4700,WTK
12/03/2020,131,131,130,131,4500,WTK
11/30/2020,130.25,130.25,130.25,130.25,1000,WTK
11/24/2020,129,129,128.5,128.5,500,WTK
11/23/2020,130,130,130,130,100,WTK
11/20/2020,129.5,129.5,129.5,129.5,100,WTK
11/19/2020,130,130,129,129.5,300,WTK
11/18/2020,129.5,129.5,129.5,129.5,100,WTK
11/17/2020,125,130,125,129.5,3600,WTK
11/13/2020,131,131,129,129.75,1100,WTK
11/12/2020,130,130,130,130,400,WTK
11/11/2020,130,130,130,130,100,WTK
11/10/2020,130,130,130,130,500,WTK
11/09/2020,130,130,130,130,100,WTK
11/06/2020,135,135,130,132.5,600,WTK
11/05/2020,130,130,129.75,130,500,WTK
11/04/2020,133,133,133,133,2100,WTK
11/03/2020,135,135,133,133.75,900,WTK
11/02/2020,137,137,136,136.25,1700,WTK
10/29/2020,136.5,136.5,136.5,136.5,100,WTK
10/28/2020,136.5,136.5,136.5,136.5,100,WTK
10/27/2020,139,139,139,139,700,WTK
10/23/2020,137,137,137,137,100,WTK
10/21/2020,137,139,137,137.5,1300,WTK
10/19/2020,139,139,139,139,400,WTK
10/14/2020,140,140,140,140,500,WTK
10/13/2020,140,140,140,140,1000,WTK
10/12/2020,139,140,139,140,2600,WTK
10/07/2020,130,140,130,138.5,3200,WTK
10/05/2020,140,140,139,139.75,2800,WTK
10/02/2020,130,130,130,130,1300,WTK
10/01/2020,130,139,130,131.75,8000,WTK
09/30/2020,130,130,130,130,300,WTK
09/29/2020,130,130,126,128.25,1100,WTK
09/28/2020,130,130,125,127,2500,WTK
09/25/2020,125,130,125,127.5,200,WTK
09/24/2020,130,130,130,130,500,WTK
09/23/2020,130,130,130,130,900,WTK
09/22/2020,129,129,125,126.75,700,WTK
09/18/2020,129,129,129,129,100,WTK
09/17/2020,129,129,129,129,300,WTK
09/16/2020,129,129,129,129,300,WTK
09/15/2020,129,129,129,129,100,WTK
09/14/2020,120,120,120,120,600,WTK
09/11/2020,120,120,119,119.75,4700,WTK
09/10/2020,121,121,120,120.25,9000,WTK
09/08/2020,123,123,123,123,800,WTK
09/07/2020,125,125,125,125,1300,WTK
09/03/2020,121,121,120,120,2100,WTK
09/02/2020,120,120,120,120,600,WTK
09/01/2020,120,120,120,120,100,WTK
08/31/2020,124,124,120,120.75,3800,WTK
08/28/2020,124,124,124,124,100,WTK
08/27/2020,124,124,124,124,100,WTK
08/26/2020,124,124,122,123,400,WTK
08/25/2020,124,124,123,123.5,700,WTK
08/24/2020,128,128,128,128,100,WTK
08/21/2020,130,130,125,128.25,300,WTK
08/19/2020,130,137.75,130,132.25,1000,WTK
08/18/2020,144,144,143.75,144,5100,WTK
08/17/2020,143,144.25,142,143.75,8200,WTK
08/14/2020,143,146,143,144,3700,WTK
08/13/2020,146,146,143,144,2100,WTK
08/12/2020,144,144,144,144,7000,WTK
08/10/2020,143,143,142,142.25,4500,WTK
08/07/2020,143,144,142.25,143,1300,WTK
08/05/2020,143,143,140,142,2600,WTK
08/04/2020,143,143,142,143,3000,WTK
08/03/2020,144,144,143,143,1900,WTK
07/30/2020,144,145,144,144.25,2700,WTK
07/29/2020,144,145,144,144,3400,WTK
07/28/2020,144,144,144,144,600,WTK
07/27/2020,146,146,144,144.75,2500,WTK
07/23/2020,147,147,145,145,9000,WTK
07/22/2020,143.25,147.5,143.25,145.5,600,WTK
07/21/2020,143.25,148,143.25,147.5,3500,WTK
07/20/2020,150,150,140,143.25,7600,WTK
07/17/2020,132,141,132,137,2300,WTK
07/15/2020,129,129,128,128.25,600,WTK
07/14/2020,130,130,130,130,100,WTK
07/09/2020,130,130,127,128.25,1600,WTK
07/08/2020,130.25,130.25,130.25,130.25,300,WTK
07/07/2020,130,132,130,130.25,1400,WTK
07/06/2020,130,130,130,130,1400,WTK
07/03/2020,135,135,130,130.25,2300,WTK
07/02/2020,130,130,130,130,3900,WTK
07/01/2020,130,130,130,130,400,WTK
06/30/2020,130,130,130,130,600,WTK
06/29/2020,130,130,130,130,1100,WTK
06/26/2020,130,132,130,131.5,2000,WTK
06/24/2020,130,130,130,130,200,WTK
06/22/2020,121,121,121,121,600,WTK
06/19/2020,121,121,121,121,1300,WTK
06/18/2020,121,121,121,121,200,WTK
06/17/2020,122,122,121,121,8200,WTK
06/16/2020,132,132,132,132,300,WTK
06/12/2020,120,132,120,121,3200,WTK
06/11/2020,120,120,120,120,6400,WTK
06/09/2020,120,120,120,120,2900,WTK
06/08/2020,120,120,120,120,6200,WTK
06/05/2020,120,120,120,120,700,WTK
06/04/2020,123,123,120,120,5100,WTK
06/03/2020,120,123,119,120.5,500,WTK
06/02/2020,124,124,124,124,200,WTK
05/27/2020,120,120,120,120,800,WTK
05/26/2020,119,120,119,120,6500,WTK
05/22/2020,119,119,119,119,2500,WTK
05/21/2020,120,120,120,120,1000,WTK
05/20/2020,115,118,115,117.75,2100,WTK
05/19/2020,118,118,115,117.75,6000,WTK
05/18/2020,118,120,118,118,2300,WTK
05/15/2020,115,115,115,115,1800,WTK
05/14/2020,118,118,118,118,600,WTK
05/13/2020,115,115,115,115,2600,WTK
05/12/2020,115,115,115,115,2000,WTK
05/07/2020,116,116,115,115,2300,WTK
05/06/2020,115,115,114,115,2200,WTK
05/05/2020,115,115,115,115,600,WTK
04/30/2020,115,115,115,115,2400,WTK
04/29/2020,115,115,115,115,23400,WTK
04/28/2020,115,115,112,113,5300,WTK
04/27/2020,115,115,115,115,1400,WTK
04/24/2020,115,115,112,112.25,6400,WTK
04/23/2020,113,113,111.25,112.75,2000,WTK
04/22/2020,115,115,115,115,800,WTK
04/20/2020,115,115,115,115,4000,WTK
04/16/2020,115,115,115,115,900,WTK
04/15/2020,112,115,112,114.75,1800,WTK
04/14/2020,110,112,110,111,200,WTK
04/09/2020,106,106,106,106,500,WTK
04/08/2020,106,106,106,106,1000,WTK
04/07/2020,106,106,106,106,200,WTK
04/06/2020,107,110,104,105.75,800,WTK
04/03/2020,105,111,105,109,1200,WTK
04/02/2020,108,108,105,106.25,500,WTK
04/01/2020,100,100,100,100,100,WTK
03/31/2020,104,104,104,104,100,WTK
03/30/2020,95,104,95,96.75,500,WTK
03/27/2020,93,99.5,93,94.75,800,WTK
03/26/2020,92,99.75,92,93.5,3000,WTK
03/25/2020,92,92,92,92,100,WTK
03/24/2020,93.25,93.25,93,93,1300,WTK
03/23/2020,94.25,100,94,94.75,2500,WTK
03/20/2020,105,105,93,94.25,11300,WTK
03/19/2020,108,109,98.5,102.75,1800,WTK
03/18/2020,109,109,109,109,800,WTK
03/17/2020,112,112,108,109.75,1700,WTK
03/16/2020,112,112,112,112,1200,WTK
03/13/2020,112,115,110,112,1600,WTK
03/12/2020,119,120,116,119,900,WTK
03/11/2020,119,119,119,119,100,WTK
03/10/2020,119.75,120,119,119.75,500,WTK
03/09/2020,120,120,120,120,1300,WTK
03/06/2020,120,120,120,120,1000,WTK
03/05/2020,120,120,120,120,11100,WTK
03/04/2020,120.25,122,120,120.25,1200,WTK
03/03/2020,120.25,122,120,120.25,5300,WTK
03/02/2020,122.75,123,122,122.75,1100,WTK
02/28/2020,123.25,124,123,123.25,1500,WTK
02/26/2020,122.75,124,122,122.75,300,WTK
02/25/2020,123,123,123,123,200,WTK
02/24/2020,123.75,125,123,123.75,500,WTK
02/21/2020,125,125,125,125,1500,WTK
02/20/2020,125,125,125,125,1500,WTK
02/19/2020,123,129,120,123,3900,WTK
02/18/2020,129.25,129.5,129,129.25,3000,WTK
02/17/2020,129.75,130,129.5,129.75,3100,WTK
02/14/2020,130,130,130,130,700,WTK
02/12/2020,130,130,130,130,300,WTK
02/10/2020,130,130,130,130,1000,WTK
02/07/2020,130,130,130,130,2300,WTK
02/06/2020,130,130,130,130,27700,WTK
02/05/2020,130,130,129.5,130,500,WTK
02/04/2020,129.5,132,129,129.5,700,WTK
02/03/2020,130,130,130,130,2500,WTK
01/31/2020,130.25,131,128,130.25,5900,WTK
01/30/2020,131,131,131,131,900,WTK
01/29/2020,133,133,133,133,100,WTK
01/28/2020,133,133,133,133,400,WTK
01/27/2020,132.25,133,126,132.25,900,WTK
01/24/2020,133,133,133,133,500,WTK
01/23/2020,130.75,133,125,130.75,6400,WTK
01/22/2020,132,133,131,132,2700,WTK
01/21/2020,133.25,134,133,133.25,400,WTK
01/20/2020,134,134,134,134,2700,WTK
01/17/2020,134,134,134,134,500,WTK
01/16/2020,134,134,134,134,300,WTK
01/14/2020,134,134,134,134,100,WTK
01/10/2020,133.75,134,130,133.75,8000,WTK
01/08/2020,130,130,130,130,700,WTK
01/07/2020,134.5,135,134,134.5,6100,WTK
01/06/2020,139,139,139,139,300,WTK
01/03/2020,138.25,140,138,138.25,1600,WTK
01/02/2020,139,139,139,139,100,WTK
12/31/2019,139.5,145.25,135,139.5,4400,WTK
12/30/2019,132.25,132.25,132.25,132.25,1400,WTK
12/27/2019,133.5,135,132.25,133.5,1300,WTK
12/23/2019,132,132,132,132,2100,WTK
12/20/2019,132.5,133,132,132.5,1000,WTK
12/19/2019,133,133,133,133,2100,WTK
12/18/2019,133,133,133,133,3600,WTK
12/17/2019,132.5,133,131,132.5,7400,WTK
12/16/2019,134.75,135,134,134.75,600,WTK
12/13/2019,134,134,133,134,1900,WTK
12/11/2019,133.75,134,133,133.75,1400,WTK
12/09/2019,134,134,134,134,1200,WTK
12/06/2019,132,132,132,132,1300,WTK
12/05/2019,132.5,133,132,132.5,400,WTK
12/04/2019,132.25,133,132,132.25,600,WTK
12/03/2019,134,134,134,134,100,WTK
12/02/2019,132,132,132,132,700,WTK
11/29/2019,133.75,135,131,133.75,3300,WTK
11/27/2019,135,135,135,135,200,WTK
11/22/2019,131,131,131,131,600,WTK
11/21/2019,130.25,131,130,130.25,2000,WTK
11/20/2019,131.5,132,131,131.5,200,WTK
11/19/2019,131.75,133,130,131.75,2300,WTK
11/18/2019,132,132,132,132,600,WTK
11/15/2019,132.75,135,132,132.75,1700,WTK
11/14/2019,128,132,125,128,2000,WTK
11/12/2019,130.75,131,130,130.75,1100,WTK
11/11/2019,132.25,133,131,132.25,1500,WTK
11/08/2019,131.75,133,129,131.75,700,WTK
11/07/2019,133.75,134,133,133.75,500,WTK
11/06/2019,134,134,133,134,1200,WTK
11/05/2019,131.25,135,130,131.25,2600,WTK
11/04/2019,130.25,132,129,130.25,1300,WTK
11/01/2019,134,134,134,134,200,WTK
10/31/2019,131.75,134,130,131.75,1500,WTK
10/30/2019,132.5,135,132,132.5,2300,WTK
10/29/2019,133,134,133,133,1100,WTK
10/28/2019,134,134,134,134,1600,WTK
10/25/2019,134.5,135,134,134.5,3800,WTK
10/23/2019,134,134,134,134,1500,WTK
10/22/2019,134,134,134,134,1000,WTK
10/18/2019,134,134,134,134,2300,WTK
10/17/2019,134.75,135,134,134.75,900,WTK
10/16/2019,135,135,132,135,6300,WTK
10/15/2019,135,135,135,135,2200,WTK
10/14/2019,136.25,137,135,136.25,2400,WTK
10/11/2019,135,135,135,135,200,WTK
10/09/2019,135.25,137,135,135.25,7200,WTK
10/08/2019,136.5,137,136,136.5,1400,WTK
10/07/2019,136,137,135,136,500,WTK
10/04/2019,137,137,137,137,100,WTK
10/03/2019,136.25,138,135,136.25,2600,WTK
10/02/2019,138,138,138,138,100,WTK
10/01/2019,138,138,138,138,200,WTK
09/30/2019,138.25,140,138,138.25,3200,WTK
09/27/2019,135.75,136,135,135.75,9400,WTK
09/26/2019,131,131,131,131,400,WTK
09/25/2019,135,135,135,135,1600,WTK
09/24/2019,135.75,136,135,135.75,4500,WTK
09/23/2019,135.75,140,135.5,135.75,1100,WTK
09/20/2019,135,135,135,135,4700,WTK
09/19/2019,135.5,138,135,135.5,500,WTK
09/18/2019,138,138,138,138,500,WTK
09/17/2019,138,138,138,138,100,WTK
09/16/2019,136.25,140,132,136.25,1100,WTK
09/12/2019,140,140,140,140,200,WTK
09/11/2019,142,142,142,142,200,WTK
09/06/2019,130,130,130,130,500,WTK
09/05/2019,130,130,130,130,1500,WTK
09/04/2019,130,130,130,130,1900,WTK
09/03/2019,140,140,140,140,600,WTK
09/02/2019,130,130,130,130,500,WTK
08/30/2019,135,135,135,135,200,WTK
08/29/2019,135,135,135,135,100,WTK
08/28/2019,135,135,135,135,500,WTK
08/27/2019,135,135,135,135,3800,WTK
08/26/2019,135,135,135,135,100,WTK
08/23/2019,134.25,135,134,134.25,3800,WTK
08/22/2019,132.25,135,130,132.25,1700,WTK
08/21/2019,135,135,135,135,4200,WTK
08/20/2019,135,135,135,135,800,WTK
08/19/2019,127,130,126.25,127,400,WTK
08/16/2019,130,138,126,130,300,WTK
08/15/2019,140,140,140,140,200,WTK
08/14/2019,140,140,140,140,100,WTK
08/13/2019,140,140,140,140,600,WTK
08/09/2019,140,140,140,140,700,WTK
08/08/2019,145,145,145,145,2100,WTK
08/07/2019,140,140,140,140,100,WTK
08/06/2019,140,140,140,140,100,WTK
08/05/2019,140,140,140,140,100,WTK
08/02/2019,140,140,140,140,100,WTK
08/01/2019,150,155,145,150,29000,WTK
07/31/2019,164.75,165,162.5,164.75,17600,WTK
07/30/2019,163.75,164,162.5,163.75,4900,WTK
07/29/2019,164.5,164.5,164.5,164.5,5900,WTK
07/26/2019,165,165,165,165,2800,WTK
07/25/2019,163.75,165,160,163.75,7600,WTK
07/24/2019,164,164,160,164,4500,WTK
07/23/2019,164,165,163,164,900,WTK
07/22/2019,164,165,163,164,61400,WTK
07/19/2019,162.5,163,159.5,162.5,2300,WTK
07/18/2019,161.75,164,159.5,161.75,1800,WTK
07/17/2019,159.5,159.5,159.5,159.5,100,WTK
07/16/2019,158.25,160,156.5,158.25,600,WTK
07/15/2019,156.5,160,155,156.5,1600,WTK
07/12/2019,155,155,155,155,2800,WTK
07/11/2019,154.25,155,153,154.25,6100,WTK
07/10/2019,154.5,155,154,154.5,4100,WTK
07/09/2019,155,155,155,155,7800,WTK
07/08/2019,154.5,155,154,154.5,1300,WTK
07/05/2019,155,155,155,155,3600,WTK
07/04/2019,154.25,155,154,154.25,800,WTK
07/03/2019,155,155,155,155,100,WTK
07/02/2019,154.25,155,151,154.25,20700,WTK
07/01/2019,151,154,150,151,3600,WTK
06/28/2019,141.5,154,140,141.5,26200,WTK
06/26/2019,140,140,140,140,500,WTK
06/25/2019,136,136,136,136,1900,WTK
06/24/2019,137.25,138,137,137.25,300,WTK
06/21/2019,138,138,138,138,1000,WTK
06/20/2019,136.25,136.25,136.25,136.25,700,WTK
06/19/2019,138,140,137,138,1100,WTK
06/18/2019,138.75,140,138,138.75,800,WTK
06/17/2019,140,140,140,140,100,WTK
06/14/2019,139.75,140,139.75,139.75,5000,WTK
06/13/2019,139.5,140,138,139.5,2600,WTK
06/12/2019,138,138,138,138,400,WTK
06/10/2019,136,136,136,136,9700,WTK
06/07/2019,136.5,138,136,136.5,400,WTK
06/06/2019,138,138,138,138,1200,WTK
06/04/2019,136.5,140,136,136.5,3100,WTK
06/03/2019,138,138,138,138,10000,WTK
05/31/2019,138.5,140,138,138.5,300,WTK
05/30/2019,140,140,140,140,300,WTK
05/28/2019,140,140,140,140,55800,WTK
05/27/2019,138.5,140,138,138.5,300,WTK
05/24/2019,140.5,141,140,140.5,1400,WTK
05/23/2019,140.75,142,140,140.75,2600,WTK
05/22/2019,140,140,140,140,600,WTK
05/21/2019,140,140,140,140,700,WTK
05/20/2019,142,142,142,142,300,WTK
05/17/2019,140,140,140,140,600,WTK
05/15/2019,142,142,142,142,900,WTK
05/13/2019,140,140,140,140,1000,WTK
05/10/2019,140,140,140,140,700,WTK
05/09/2019,140,140,140,140,400,WTK
05/08/2019,140.5,140.5,140.5,140.5,300,WTK
05/07/2019,140.5,142.75,140,140.5,500,WTK
05/06/2019,141.75,143,140,141.75,2200,WTK
05/03/2019,142.75,142.75,142.75,142.75,200,WTK
05/02/2019,141.5,143.5,138,141.5,300,WTK
04/30/2019,144,144,144,144,400,WTK
04/29/2019,143,143.75,138,143,900,WTK
04/26/2019,143.75,144,138,143.75,10200,WTK
04/25/2019,139.5,140.5,138,139.5,300,WTK
04/24/2019,138,138,138,138,200,WTK
04/23/2019,143,143.5,142,143,700,WTK
04/18/2019,143.5,144,143.5,143.5,300,WTK
04/16/2019,145,145,145,145,100,WTK
04/12/2019,139.75,140,139.5,139.75,2600,WTK
04/10/2019,140,140,140,140,300,WTK
04/09/2019,139.5,140,138,139.5,1400,WTK
04/08/2019,140,140,140,140,500,WTK
04/05/2019,140,140,140,140,900,WTK
04/04/2019,138.5,140,135,138.5,700,WTK
04/03/2019,143.25,144,140,143.25,700,WTK
04/02/2019,144,144,144,144,400,WTK
04/01/2019,145,145,145,145,700,WTK
03/29/2019,145,145,145,145,1300,WTK
03/28/2019,148,148.75,145,148,500,WTK
03/27/2019,147.75,149,147,147.75,1700,WTK
03/26/2019,147,149,145,147,3200,WTK
03/25/2019,146.5,149,146,146.5,1200,WTK
03/22/2019,149.5,150,149,149.5,300,WTK
03/21/2019,150,150,150,150,4000,WTK
03/18/2019,150,150,150,150,1800,WTK
03/15/2019,150,150,150,150,10000,WTK
03/14/2019,149.5,153,147,149.5,4700,WTK
03/13/2019,147,149.75,146,147,2200,WTK
03/12/2019,146,146,146,146,1200,WTK
03/11/2019,149.75,150,148,149.75,1200,WTK
03/08/2019,148.25,150,148,148.25,600,WTK
03/07/2019,147.25,150,146,147.25,300,WTK
03/05/2019,151.75,152,151,151.75,900,WTK
03/04/2019,152,152,152,152,300,WTK
03/01/2019,151.25,152,150,151.25,600,WTK
02/28/2019,151,155,150,151,5300,WTK
02/27/2019,155.5,155.5,155.5,155.5,400,WTK
02/26/2019,150,150,150,150,1100,WTK
02/22/2019,146,146,146,146,200,WTK
02/21/2019,155,155,155,155,200,WTK
02/20/2019,155,155,155,155,300,WTK
02/10/2019,155,155,155,155,100,WTK
02/18/2019,152.75,156,150,152.75,800,WTK
02/15/2019,151.5,156,148,151.5,2500,WTK
02/14/2019,148,148,148,148,1000,WTK
02/13/2019,160,160,160,160,400,WTK
02/12/2019,146.75,148,146,146.75,3600,WTK
02/11/2019,146.25,147,145,146.25,10200,WTK
02/08/2019,140,142,140,140,3600,WTK
02/06/2019,146,146,146,146,2200,WTK
02/04/2019,146.5,147,146,146.5,1800,WTK
02/01/2019,146,146,146,146,2000,WTK
01/31/2019,146.25,147,146,146.25,4100,WTK
01/30/2019,147.5,148,147,147.5,600,WTK
01/29/2019,145,145,145,145,3800,WTK
01/28/2019,148,148,148,148,700,WTK
01/24/2019,148,150,147,148,400,WTK
01/23/2019,147,147,147,147,300,WTK
01/22/2019,144,146,143,144,800,WTK
01/21/2019,147,147,147,147,900,WTK
01/17/2019,144.25,147,143,144.25,800,WTK
01/16/2019,147,147,147,147,400,WTK
01/14/2019,148,148,148,148,1200,WTK
01/11/2019,146.25,149,146,146.25,900,WTK
01/09/2019,146.25,149,146,146.25,4600,WTK
01/08/2019,148.5,149,148,148.5,1000,WTK
01/07/2019,149,149,149,149,500,WTK
01/04/2019,149.25,150,149,149.25,2200,WTK
01/03/2019,150,150,150,150,300,WTK
01/02/2019,150,150,150,150,500,WTK
12/31/2018,150,150,150,150,100,WTK
12/27/2018,149.25,150,149,149.25,2600,WTK
12/24/2018,150,150,150,150,1000,WTK
12/21/2018,150,150,150,150,100,WTK
12/20/2018,153.75,155,150,153.75,2000,WTK
12/18/2018,145,145,145,145,900,WTK
12/14/2018,142.25,145,141,142.25,1100,WTK
12/10/2018,140.5,143,140,140.5,1000,WTK
12/06/2018,140,140,140,140,600,WTK
12/05/2018,140.5,144,140,140.5,6400,WTK
12/04/2018,141.75,143,140,141.75,3000,WTK
11/30/2018,144.5,160,144,144.5,3500,WTK
11/28/2018,160,160,160,160,1000,WTK
11/27/2018,159.75,160,159,159.75,1100,WTK
11/23/2018,163,164,162,163,1400,WTK
11/22/2018,164,164,164,164,500,WTK
11/21/2018,154,158,150,154,1200,WTK
11/20/2018,160,164,160,160,6500,WTK
11/19/2018,154,154,154,154,300,WTK
11/16/2018,153,160,151,153,3500,WTK
11/15/2018,156,157,152,156,2600,WTK
11/13/2018,160,160,160,160,20300,WTK
11/12/2018,160,160,160,160,3000,WTK
11/09/2018,160,164,160,160,16800,WTK
11/08/2018,162,164,159,162,2800,WTK
11/07/2018,155,155,155,155,20300,WTK
11/06/2018,155,155,155,155,300,WTK
11/05/2018,153,155,150,153,9100,WTK
11/02/2018,150,150,150,150,100,WTK
11/01/2018,149,150,145,149,45300,WTK
10/31/2018,150,150,150,150,1300,WTK
10/30/2018,149,149,149,149,300,WTK
10/29/2018,144,150,142,144,2100,WTK
10/26/2018,142,142,142,142,100,WTK
10/24/2018,141,145,139,141,3100,WTK
10/23/2018,142,146,140,142,900,WTK
10/22/2018,141,141,141,141,100,WTK
10/19/2018,140,141,140,140,2100,WTK
10/18/2018,141,144,139,141,700,WTK
10/17/2018,138,140,134,138,5400,WTK
10/16/2018,139,139,139,139,100,WTK
10/15/2018,140,140,140,140,100,WTK
10/12/2018,139,139,139,139,1200,WTK
10/11/2018,140,140,140,140,500,WTK
10/08/2018,139,139,139,139,100,WTK
10/05/2018,140,140,140,140,200,WTK
10/04/2018,140,140,140,140,6300,WTK
10/03/2018,140,140,140,140,300,WTK
10/02/2018,140,144,140,140,3000,WTK
10/01/2018,144,144,144,144,300,WTK
09/27/2018,140,144,140,140,600,WTK
09/26/2018,143,144,142,143,300,WTK
09/25/2018,156,156,156,156,200,WTK
09/24/2018,159,165,145,159,6600,WTK
09/21/2018,174,175,172,174,2100,WTK
09/20/2018,164,170,164,164,7700,WTK
09/19/2018,164,167,163,164,4500,WTK
09/18/2018,167,168,167,167,4200,WTK
09/17/2018,167,168,167,167,4200,WTK
09/14/2018,166,168,165,166,16900,WTK
09/13/2018,168,169,168,168,1900,WTK
09/12/2018,169,172,168,169,2600,WTK
09/11/2018,168,169,168,168,6100,WTK
09/10/2018,168,171,168,168,5400,WTK
09/07/2018,171,173,170,171,6600,WTK
09/06/2018,169,170,168,169,18500,WTK
09/05/2018,168,170,167,168,4800,WTK
09/04/2018,170,175,168,170,7700,WTK
09/03/2018,170,170,170,170,1300,WTK
08/31/2018,167,170,167,167,6200,WTK
08/30/2018,167,168,167,167,17900,WTK
08/29/2018,167,168,167,167,5800,WTK
08/28/2018,167,168,167,167,10700,WTK
08/27/2018,167,169,167,167,5200,WTK
08/24/2018,168,172,168,168,7800,WTK
08/23/2018,169,170,168,169,7500,WTK
08/22/2018,170,171,170,170,6700,WTK
08/20/2018,169,172,169,169,17800,WTK
08/17/2018,171,172,170,171,14600,WTK
08/16/2018,174,175,174,174,15700,WTK
08/15/2018,174,175,174,174,6800,WTK
08/14/2018,174,175,174,174,6200,WTK
08/13/2018,175,180,174,175,5700,WTK
08/10/2018,177,180,175,177,2500,WTK
08/09/2018,179,179,179,179,900,WTK
08/08/2018,174,180,173,174,36800,WTK
08/07/2018,170,180,170,170,9100,WTK
08/06/2018,172,180,171,172,63600,WTK
08/03/2018,171,180,169,171,232600,WTK
08/02/2018,169,170,140,169,200700,WTK
07/31/2018,135,138,135,135,1100,WTK
07/27/2018,138,138,138,138,1800,WTK
07/25/2018,138,138,138,138,300,WTK
07/24/2018,138,138,138,138,400,WTK
07/23/2018,138,138,138,138,800,WTK
07/20/2018,136,138,136,136,1700,WTK
07/19/2018,138,138,138,138,1000,WTK
07/18/2018,137,138,136,137,1100,WTK
07/17/2018,137,138,137,137,1000,WTK
07/16/2018,136,138,136,136,1800,WTK
07/13/2018,137,138,137,137,500,WTK
07/12/2018,138,138,138,138,6900,WTK
07/10/2018,136,138,136,136,900,WTK
07/09/2018,138,138,138,138,10400,WTK
07/06/2018,140,140,140,140,100,WTK
07/05/2018,140,140,140,140,900,WTK
07/03/2018,138,139,138,138,300,WTK
07/02/2018,140,140,140,140,600,WTK
06/29/2018,139,139,139,139,500,WTK
06/28/2018,139,139,139,139,700,WTK
06/27/2018,139,140,139,139,2000,WTK
06/26/2018,140,140,140,140,700,WTK
06/25/2018,142,142,142,142,100,WTK
06/22/2018,138,139,138,138,2300,WTK
06/21/2018,139,139,139,139,900,WTK
06/19/2018,139,142,138,139,5600,WTK
06/18/2018,142,145,142,142,1400,WTK
06/13/2018,145,145,145,145,1000,WTK
06/12/2018,145,145,145,145,1300,WTK
06/11/2018,142,142,142,142,1000,WTK
06/07/2018,145,145,145,145,200,WTK
06/06/2018,145,145,145,145,300,WTK
06/05/2018,140,145,140,140,2800,WTK
06/04/2018,145,145,145,145,200,WTK
05/30/2018,141,142,141,141,200,WTK
05/28/2018,141,147,140,141,2000,WTK
05/24/2018,150,150,150,150,5600,WTK
05/22/2018,150,150,150,150,900,WTK
05/18/2018,150,150,150,150,2000,WTK
05/17/2018,150,150,150,150,6000,WTK
05/15/2018,152,155,150,152,4200,WTK
05/14/2018,151,155,150,151,2600,WTK
05/11/2018,155,155,155,155,200,WTK
05/10/2018,159,159,159,159,100,WTK
05/08/2018,159,160,159,159,1000,WTK
05/04/2018,151,153,150,151,1500,WTK
05/03/2018,155,155,155,155,1200,WTK
04/30/2018,157,159,155,157,400,WTK
04/27/2018,153,153,153,153,400,WTK
04/26/2018,159,159,159,159,800,WTK
04/25/2018,153,158,152,153,600,WTK
04/23/2018,152,153,152,152,400,WTK
04/20/2018,152,152,152,152,200,WTK
04/19/2018,159,160,152,159,20100,WTK
04/18/2018,159,159,159,159,200,WTK
04/17/2018,159,161,159,159,10800,WTK
04/16/2018,161,162,161,161,2800,WTK
04/13/2018,160,160,160,160,300,WTK
04/12/2018,160,161,160,160,400,WTK
04/11/2018,162,162,162,162,700,WTK
04/10/2018,156,162,155,156,1600,WTK
04/06/2018,155,162,150,155,3500,WTK
04/04/2018,155,155,155,155,100,WTK
04/03/2018,150,150,150,150,900,WTK
03/28/2018,150,150,150,150,2500,WTK
03/27/2018,150,150,150,150,100,WTK
03/26/2018,150,150,150,150,8500,WTK
03/23/2018,151,155,150,151,1200,WTK
03/22/2018,151,155,150,151,1000,WTK
03/21/2018,150,150,150,150,300,WTK
03/19/2018,150,151,150,150,2800,WTK
03/16/2018,150,151,150,150,9000,WTK
03/14/2018,150,151,150,150,2100,WTK
03/12/2018,150,151,150,150,3800,WTK
03/09/2018,151,154,150,151,700,WTK
03/08/2018,150,150,150,150,400,WTK
03/07/2018,150,150,150,150,200,WTK
03/06/2018,150,151,150,150,9000,WTK
03/05/2018,150,158,150,150,26900,WTK
03/02/2018,158,158,158,158,100,WTK
03/01/2018,158,159,158,158,600,WTK
02/26/2018,158,159,155,158,600,WTK
02/23/2018,155,155,155,155,400,WTK
02/22/2018,155,155,155,155,1300,WTK
02/21/2018,155,155,155,155,1200,WTK
02/20/2018,152,155,152,152,1200,WTK
02/19/2018,152,152,152,152,200,WTK
02/14/2018,149,150,149,149,5400,WTK
02/13/2018,149,150,149,149,1300,WTK
02/09/2018,150,152,150,150,700,WTK
02/08/2018,150,152,150,150,3000,WTK
02/07/2018,150,150,150,150,200,WTK
02/06/2018,149,150,146,149,1200,WTK
02/05/2018,150,155,150,150,2800,WTK
02/02/2018,150,150,150,150,600,WTK
02/01/2018,149,150,149,149,1400,WTK
01/31/2018,150,150,150,150,2400,WTK
01/29/2018,150,150,150,150,200,WTK
01/26/2018,149,150,149,149,600,WTK
01/25/2018,150,156,150,150,10500,WTK
01/24/2018,153,156,152,153,3200,WTK
01/23/2018,152,153,152,152,2200,WTK
01/22/2018,153,153,153,153,100,WTK
01/18/2018,152,156,151,152,2900,WTK
01/17/2018,150,150,150,150,100,WTK
01/16/2018,151,155,150,151,900,WTK
01/15/2018,150,155,150,150,4600,WTK
01/12/2018,156,156,156,156,4100,WTK
01/11/2018,155,156,155,155,600,WTK
01/10/2018,157,158,157,157,1700,WTK
01/09/2018,158,158,158,158,1000,WTK
01/08/2018,158,159,158,158,700,WTK
01/05/2018,159,160,159,159,1100,WTK
01/02/2018,158,158,158,158,100,WTK
12/29/2017,159,160,158,159,4500,WTK
12/28/2017,160,160,160,160,1000,WTK
12/27/2017,160,165,160,160,3100,WTK
12/22/2017,160,160,160,160,1300,WTK
12/21/2017,158,160,158,158,1700,WTK
12/20/2017,160,160,160,160,6000,WTK
12/19/2017,160,160,160,160,1100,WTK
12/18/2017,160,160,160,160,300,WTK
12/15/2017,160,160,160,160,100,WTK
12/14/2017,160,160,160,160,6200,WTK
12/13/2017,160,163,160,160,7400,WTK
12/11/2017,165,166,165,165,2200,WTK
12/07/2017,166,166,166,166,2000,WTK
12/06/2017,166,166,166,166,400,WTK
12/05/2017,166,166,166,166,100,WTK
12/04/2017,166,166,166,166,2700,WTK
12/01/2017,166,166,166,166,100,WTK
11/30/2017,165,166,160,165,8700,WTK
11/29/2017,168,168,168,168,100,WTK
11/24/2017,166,168,165,166,2700,WTK
11/23/2017,168,168,168,168,300,WTK
11/22/2017,165,166,165,165,18000,WTK
11/21/2017,166,166,166,166,100,WTK
11/20/2017,166,166,166,166,100,WTK
11/17/2017,163,163,163,163,1000,WTK
11/16/2017,162,166,161,162,2800,WTK
11/15/2017,165,165,165,165,2500,WTK
11/14/2017,165,166,165,165,500,WTK
11/10/2017,166,166,166,166,200,WTK
11/09/2017,167,173,167,167,2900,WTK
11/08/2017,164,170,164,164,2000,WTK
11/06/2017,165,165,165,165,500,WTK
11/03/2017,165,165,165,165,700,WTK
11/01/2017,165,165,165,165,3800,WTK
10/31/2017,160,164,160,160,3600,WTK
10/30/2017,160,162,160,160,5000,WTK
10/27/2017,172,175,172,172,700,WTK
10/24/2017,166,172,160,166,1600,WTK
10/19/2017,162,172,160,162,600,WTK
10/18/2017,160,160,160,160,3100,WTK
10/12/2017,158,158,158,158,800,WTK
10/11/2017,150,160,150,150,152600,WTK
10/10/2017,164,169,160,164,2000,WTK
10/09/2017,177,180,168,177,1700,WTK
10/03/2017,168,175,168,168,7600,WTK
09/28/2017,185,185,185,185,100,WTK
09/27/2017,172,187,168,172,1000,WTK
09/26/2017,170,170,170,170,1400,WTK
09/22/2017,170,170,170,170,200,WTK
09/21/2017,170,170,170,170,900,WTK
09/19/2017,170,170,170,170,1000,WTK
09/15/2017,175,175,175,175,100,WTK
09/11/2017,174,174,174,174,400,WTK
09/06/2017,170,170,170,170,500,WTK
09/05/2017,171,174,168,171,200,WTK
09/01/2017,174,174,174,174,200,WTK
08/29/2017,170,175,165,170,600,WTK
08/28/2017,166,170,165,166,1200,WTK
08/25/2017,166,175,162,166,2400,WTK
08/22/2017,180,180,180,180,5300,WTK
08/21/2017,186,190,185,186,400,WTK
08/18/2017,180,180,180,180,1800,WTK
08/17/2017,180,180,180,180,10000,WTK
08/16/2017,179,185,179,179,21700,WTK
08/14/2017,179,181,179,179,30600,WTK
08/11/2017,186,190,186,186,4400,WTK
08/10/2017,186,189,180,186,1000,WTK
08/09/2017,190,190,190,190,200,WTK
08/07/2017,185,185,185,185,200,WTK
08/04/2017,180,190,180,180,155500,WTK
08/03/2017,180,180,180,180,8000,WTK
08/01/2017,180,180,180,180,5200,WTK
07/31/2017,180,185,180,180,8700,WTK
07/28/2017,186,186,186,186,500,WTK
07/27/2017,180,180,180,180,16200,WTK
07/25/2017,180,186,180,180,3100,WTK
07/24/2017,180,181,180,180,13300,WTK
07/20/2017,180,189,180,180,23500,WTK
07/19/2017,180,186,180,180,15900,WTK
07/18/2017,189,189,189,189,100,WTK
07/17/2017,185,186,185,185,1200,WTK
07/14/2017,186,186,186,186,200,WTK
07/13/2017,186,186,186,186,100,WTK
07/12/2017,186,186,186,186,2300,WTK
07/11/2017,186,186,186,186,300,WTK
07/07/2017,185,190,185,185,800,WTK
07/06/2017,185,190,185,185,700,WTK
07/05/2017,190,190,190,190,3200,WTK
07/03/2017,183,199,180,183,28500,WTK
06/30/2017,190,190,190,190,2000,WTK
06/29/2017,190,190,190,190,900,WTK
06/23/2017,190,190,190,190,9800,WTK
06/22/2017,189,190,189,189,600,WTK
06/19/2017,189,190,185,189,1700,WTK
06/15/2017,190,190,190,190,1700,WTK
06/13/2017,184,184,184,184,600,WTK
06/12/2017,185,185,185,185,9500,WTK
06/09/2017,185,185,185,185,3500,WTK
06/08/2017,184,185,184,184,300,WTK
06/06/2017,184,185,180,184,2800,WTK
06/02/2017,184,184,184,184,200,WTK
05/30/2017,185,185,185,185,600,WTK
05/29/2017,184,184,184,184,200,WTK
05/26/2017,182,182,182,182,600,WTK
05/25/2017,180,180,180,180,900,WTK
05/24/2017,180,180,180,180,2000,WTK
05/23/2017,179,180,178,179,6400,WTK
05/22/2017,178,178,178,178,500,WTK
05/16/2017,177,180,174,177,800,WTK
05/15/2017,180,180,180,180,600,WTK
05/11/2017,173,173,173,173,1700,WTK
05/05/2017,172,172,172,172,100,WTK
05/04/2017,180,180,180,180,1500,WTK
05/03/2017,180,180,180,180,1000,WTK
05/02/2017,180,180,180,180,100,WTK
04/27/2017,179,180,179,179,600,WTK
04/26/2017,179,179,179,179,400,WTK
04/25/2017,177,177,177,177,100,WTK
04/20/2017,177,180,170,177,700,WTK
04/13/2017,176,178,175,176,1100,WTK
04/12/2017,175,175,175,175,200,WTK
04/11/2017,177,177,177,177,300,WTK
04/10/2017,162,164,161,162,500,WTK
03/30/2017,161,161,161,161,300,WTK
03/29/2017,172,173,170,172,4700,WTK
03/28/2017,172,173,170,172,1000,WTK
03/27/2017,172,180,170,172,1900,WTK
03/24/2017,180,180,180,180,1900,WTK
03/23/2017,175,175,175,175,1600,WTK
03/21/2017,180,180,180,180,100,WTK
03/17/2017,170,170,170,170,500,WTK
03/14/2017,166,168,165,166,1300,WTK
03/13/2017,180,180,180,180,500,WTK
03/10/2017,179,179,179,179,200,WTK
03/07/2017,171,179,167,171,300,WTK
03/03/2017,180,180,180,180,500,WTK
03/01/2017,180,180,180,180,700,WTK
02/23/2017,169,170,169,169,2100,WTK
02/22/2017,160,160,160,160,1200,WTK
02/21/2017,159,161,159,159,2200,WTK
02/20/2017,164,170,160,164,500,WTK
02/16/2017,160,160,160,160,1200,WTK
02/15/2017,159,160,159,159,2700,WTK
02/14/2017,159,159,159,159,200,WTK
02/13/2017,160,160,160,160,500,WTK
02/10/2017,160,160,160,160,300,WTK
02/09/2017,160,160,160,160,1300,WTK
02/08/2017,160,160,160,160,1000,WTK
02/06/2017,159,160,159,159,2300,WTK
02/03/2017,159,159,159,159,100,WTK
02/02/2017,159,160,159,159,300,WTK
02/01/2017,160,160,160,160,300,WTK
01/31/2017,160,160,160,160,17600,WTK
01/30/2017,159,160,159,159,14000,WTK
01/27/2017,160,160,160,160,6200,WTK
01/26/2017,160,160,160,160,100,WTK
01/25/2017,160,160,160,160,500,WTK
01/23/2017,161,165,160,161,1000,WTK
01/20/2017,161,165,160,161,700,WTK
01/19/2017,161,164,160,161,900,WTK
01/17/2017,164,165,164,164,1500,WTK
01/16/2017,165,165,165,165,2100,WTK
01/13/2017,163,165,162,163,500,WTK
01/11/2017,165,165,165,165,4900,WTK
01/10/2017,168,170,167,168,400,WTK
01/09/2017,169,175,168,169,5500,WTK
01/06/2017,170,176,170,170,5200,WTK
01/05/2017,175,176,175,175,400,WTK
01/04/2017,178,178,178,178,500,WTK